"0","rm(list=ls())"
"0","pacman::p_load('tidyverse','here','conflicted','glue','gridExtra','ggeffects','corrplot') "
"0","	"
"0","conflict_prefer(""filter"", ""dplyr"")"
"1","[conflicted] Will prefer [34mdplyr::filter[39m over any other package
"
"0","conflict_prefer(""select"", ""dplyr"")"
"1","[conflicted] Will prefer [34mdplyr::select[39m over any other package
"
"0","conflict_prefer('colSums', 'base')"
"1","[conflicted] Will prefer [34mbase::colSums[39m over any other package
"
"0","	"
"0","here()"
"1","[1]"
"1"," ""/home/yuanheng/Music/HJA_analyses_Kelpie_clean/01_HJA_scripts/08_sjsdm"""
"1","
"
"0","packageVersion('sjSDM')"
"1","[1]"
"1"," â€˜1.0.1â€™"
"1","
"
"0","# [1] â€˜1.0.1â€™ 2022.04.12"
"0","	"
"0","source(here('source', 'corvif-source.r'))"
"0","source(here('source', 'scale-train-test.r'))"
"0","	"
"0",""
